{"frames":{"chamberlain":{"frame":{"x":0,"y":0,"w":602,"h":1473},"rotated":false,"trimmed":false,"spriteSourceSize":{"x":0,"y":0,"w":602,"h":1473},"sourceSize":{"w":602,"h":1473}},"pathfinder":{"frame":{"x":603,"y":0,"w":553,"h":1473},"rotated":false,"trimmed":false,"spriteSourceSize":{"x":0,"y":0,"w":553,"h":1473},"sourceSize":{"w":553,"h":1473}},"knight":{"frame":{"x":1157,"y":0,"w":553,"h":1473},"rotated":false,"trimmed":false,"spriteSourceSize":{"x":0,"y":0,"w":553,"h":1473},"sourceSize":{"w":553,"h":1473}}},"meta":{"app":"https://www.leshylabs.com/apps/sstool/","version":"Leshy SpriteSheet Tool v0.8.4","image":"tempclassart.png","size":{"w":1710,"h":1473},"scale":1}}