{"frames":{"Play1":{"frame":{"x":0,"y":0,"w":269,"h":58},"rotated":false,"trimmed":false,"spriteSourceSize":{"x":0,"y":0,"w":269,"h":58},"sourceSize":{"w":269,"h":58}},"Play2":{"frame":{"x":0,"y":59,"w":269,"h":58},"rotated":false,"trimmed":false,"spriteSourceSize":{"x":0,"y":0,"w":269,"h":58},"sourceSize":{"w":269,"h":58}},"Credits2":{"frame":{"x":0,"y":118,"w":269,"h":58},"rotated":false,"trimmed":false,"spriteSourceSize":{"x":0,"y":0,"w":269,"h":58},"sourceSize":{"w":269,"h":58}},"Credits1":{"frame":{"x":0,"y":177,"w":269,"h":58},"rotated":false,"trimmed":false,"spriteSourceSize":{"x":0,"y":0,"w":269,"h":58},"sourceSize":{"w":269,"h":58}},"Instructions1":{"frame":{"x":0,"y":236,"w":269,"h":58},"rotated":false,"trimmed":false,"spriteSourceSize":{"x":0,"y":0,"w":269,"h":58},"sourceSize":{"w":269,"h":58}},"Instructions2":{"frame":{"x":0,"y":295,"w":269,"h":58},"rotated":false,"trimmed":false,"spriteSourceSize":{"x":0,"y":0,"w":269,"h":58},"sourceSize":{"w":269,"h":58}}},"meta":{"app":"https://www.leshylabs.com/apps/sstool/","version":"Leshy SpriteSheet Tool v0.8.4","image":"menuButtons.png","size":{"w":269,"h":353},"scale":1}}