{"frames":{"Venture Ruins Win":{"frame":{"x":0,"y":0,"w":500,"h":73},"rotated":false,"trimmed":false,"spriteSourceSize":{"x":0,"y":0,"w":500,"h":73},"sourceSize":{"w":500,"h":73}},"Venture Ruins":{"frame":{"x":0,"y":74,"w":500,"h":73},"rotated":false,"trimmed":false,"spriteSourceSize":{"x":0,"y":0,"w":500,"h":73},"sourceSize":{"w":500,"h":73}},"Village Spring":{"frame":{"x":0,"y":326,"w":500,"h":171},"rotated":false,"trimmed":false,"spriteSourceSize":{"x":0,"y":0,"w":500,"h":171},"sourceSize":{"w":500,"h":171}},"Wonder":{"frame":{"x":501,"y":414,"w":500,"h":100},"rotated":false,"trimmed":false,"spriteSourceSize":{"x":0,"y":0,"w":500,"h":100},"sourceSize":{"w":500,"h":100}},"Conscript":{"frame":{"x":0,"y":498,"w":500,"h":100},"rotated":false,"trimmed":false,"spriteSourceSize":{"x":0,"y":0,"w":500,"h":100},"sourceSize":{"w":500,"h":100}},"Enslave":{"frame":{"x":0,"y":599,"w":500,"h":100},"rotated":false,"trimmed":false,"spriteSourceSize":{"x":0,"y":0,"w":500,"h":100},"sourceSize":{"w":500,"h":100}},"Execute":{"frame":{"x":501,"y":106,"w":500,"h":100},"rotated":false,"trimmed":false,"spriteSourceSize":{"x":0,"y":0,"w":500,"h":100},"sourceSize":{"w":500,"h":100}},"Intercept Party":{"frame":{"x":501,"y":515,"w":500,"h":134},"rotated":false,"trimmed":false,"spriteSourceSize":{"x":0,"y":0,"w":500,"h":134},"sourceSize":{"w":500,"h":134}},"Kindred People":{"frame":{"x":0,"y":909,"w":500,"h":134},"rotated":false,"trimmed":false,"spriteSourceSize":{"x":0,"y":0,"w":500,"h":134},"sourceSize":{"w":500,"h":134}},"Leave Ruins":{"frame":{"x":501,"y":834,"w":500,"h":73},"rotated":false,"trimmed":false,"spriteSourceSize":{"x":0,"y":0,"w":500,"h":73},"sourceSize":{"w":500,"h":73}},"Leave Spring":{"frame":{"x":0,"y":148,"w":500,"h":105},"rotated":false,"trimmed":false,"spriteSourceSize":{"x":0,"y":0,"w":500,"h":105},"sourceSize":{"w":500,"h":105}},"March Away":{"frame":{"x":501,"y":207,"w":500,"h":134},"rotated":false,"trimmed":false,"spriteSourceSize":{"x":0,"y":0,"w":500,"h":134},"sourceSize":{"w":500,"h":134}},"Party Lose":{"frame":{"x":501,"y":909,"w":500,"h":134},"rotated":false,"trimmed":false,"spriteSourceSize":{"x":0,"y":0,"w":500,"h":134},"sourceSize":{"w":500,"h":134}},"Party Win":{"frame":{"x":0,"y":700,"w":500,"h":134},"rotated":false,"trimmed":false,"spriteSourceSize":{"x":0,"y":0,"w":500,"h":134},"sourceSize":{"w":500,"h":134}},"Ruins":{"frame":{"x":501,"y":650,"w":500,"h":183},"rotated":false,"trimmed":false,"spriteSourceSize":{"x":0,"y":0,"w":500,"h":183},"sourceSize":{"w":500,"h":183}},"Take Spring Lose":{"frame":{"x":501,"y":0,"w":500,"h":105},"rotated":false,"trimmed":false,"spriteSourceSize":{"x":0,"y":0,"w":500,"h":105},"sourceSize":{"w":500,"h":105}},"Take Spring Win":{"frame":{"x":0,"y":254,"w":500,"h":71},"rotated":false,"trimmed":false,"spriteSourceSize":{"x":0,"y":0,"w":500,"h":71},"sourceSize":{"w":500,"h":71}},"Take Spring":{"frame":{"x":501,"y":342,"w":500,"h":71},"rotated":false,"trimmed":false,"spriteSourceSize":{"x":0,"y":0,"w":500,"h":71},"sourceSize":{"w":500,"h":71}},"Venture Ruins Lose":{"frame":{"x":0,"y":835,"w":500,"h":73},"rotated":false,"trimmed":false,"spriteSourceSize":{"x":0,"y":0,"w":500,"h":73},"sourceSize":{"w":500,"h":73}}},"meta":{"app":"https://www.leshylabs.com/apps/sstool/","version":"Leshy SpriteSheet Tool v0.8.4","image":"act.png","size":{"w":1001,"h":1043},"scale":1}}